ID;harvest_id;District;Latitude;Longitude;Season(SA = Summer Autumn WS = Winter Spring);Rice Crop Intensity(D=Double T=Triple);Date of Harvest;Field size (ha);Rice Yield (kg/ha);distance in km;distance in km;distance in km
1;347;Chau_Phu;10.510542;105.248554;SA;T;15/07/2022;3.4;5500;;;
2;348;Chau_Phu;10.50915;105.265098;SA;T;15/07/2022;2.43;6000;1.817380598;;
3;349;Chau_Phu;10.467721;105.192464;SA;D;15/07/2022;1.95;6400;7.772781146;9.19121379;
4;350;Chau_Phu;10.494453;105.241281;SA;T;15/07/2022;4.3;6000;1.95995453;3.077732896;6.116298151
5;329;Chau_Phu;10.535058;105.252744;SA;D;14/07/2022;3.3;6400;2.767353395;3.185267985;9.986016623
6;351;Chau_Phu;10.50203;105.222373;SA;T;15/07/2022;3.5;5500;3.018174925;4.743063594;5.03037107
7;352;Chau_Phu;10.48195;105.238448;SA;T;15/07/2022;2;6600;3.369568933;4.204399336;5.276914953
8;353;Chau_Phu;10.476738;105.227333;SA;T;15/07/2022;4;6000;4.422180556;5.48682471;3.946698702
9;354;Chau_Phu;10.492098;105.216926;SA;T;15/07/2022;3;5500;4.02488444;5.603926582;3.812293094
10;355;Chau_Phu;10.485917;105.210104;SA;T;15/07/2022;5;6000;5.02258003;6.551491161;2.798457484
11;356;Chau_Phu;10.469839;105.211568;SA;T;15/07/2022;4;5500;6.076166045;7.313099446;2.10448437
12;357;Chau_Phu;10.501829;105.273585;SA;T;15/07/2022;3.5;6500;2.90632903;1.235747807;9.657227372
13;327;Chau_Phu;10.548011;105.248097;SA;T;13/07/2022;2.03;5500;4.171305688;4.709143495;10.81488599
14;328;Chau_Phu;10.533759;105.243145;SA;T;13/07/2022;2.8;5500;2.651423948;3.643830588;9.209417939
15;330;Chau_Phu;10.536277;105.293087;SA;T;14/07/2022;2;6500;5.653557836;4.30147716;13.39926432
16;358;Chau_Phu;10.502728;105.233111;SA;T;15/07/2022;3;6400;1.900962384;3.573305524;5.914533458
17;331;Chau_Phu;10.524439;105.254678;SA;D;14/07/2022;4;5500;1.685958365;2.048728636;9.286331683
18;332;Chau_Phu;10.522871;105.184845;SA;T;14/07/2022;2.5;5500;7.106662872;8.915434009;6.19561689
19;333;Chau_Phu;10.461453;105.172294;SA;D;14/07/2022;2.25;5500;9.97698324;11.4622496;2.315581802
20;334;Chau_Phu;10.467778;105.163448;SA;D;14/07/2022;4.9;5500;10.46144982;12.04198368;3.176277665
21;335;Chau_Phu;10.44784;105.141425;SA;D;14/07/2022;2;6600;13.64667267;15.1606445;6.00957796
22;390;Chau_Phu;10.521154;105.115666;SA;D;20/07/2022;3;5500;14.59237814;16.40974525;10.2976574
23;391;Chau_Phu;10.48065;105.130089;SA;T;20/07/2022;2;5500;13.38689962;15.11434945;6.977853577
24;392;Chau_Phu;10.463816;105.133945;SA;T;20/07/2022;1.7;6500;13.58061436;15.21712247;6.420625906
25;393;Chau_Phu;10.501648;105.096892;SA;T;20/07/2022;1.2;6000;16.62930586;18.42956324;11.12218673
26;394;Chau_Phu;10.510203;105.111601;SA;T;20/07/2022;2.1;5500;14.98970754;16.80086622;10.03528307
27;395;Chau_Phu;10.534074;105.126326;SA;T;20/07/2022;3;6400;13.63154067;15.43953634;10.34227151
28;525;Chau_Phu;10.636733;105.155635;SA;T;05/08/2022;3.2;6600;17.34124102;18.57929723;19.24108206
29;526;Chau_Phu;10.649258;105.142121;SA;D;05/08/2022;1.75;6000;19.34138094;20.59964903;20.94599505
30;527;Chau_Phu;10.663484;105.168203;SA;D;05/08/2022;3;6500;19.16159033;20.18856649;21.95323867
31;528;Chau_Phu;10.634849;105.13078;SA;T;05/08/2022;4;6000;18.90978184;20.29372043;19.79131912
32;529;Chau_Phu;10.612095;105.141919;SA;T;05/08/2022;2.5;6400;16.24722449;17.69271876;16.99688381
33;530;Chau_Phu;10.623506;105.132794;SA;T;05/08/2022;5;6000;17.84944132;19.278752;18.53056283
34;531;Chau_Phu;10.628311;105.12253;SA;T;05/08/2022;2;6500;19.02778137;20.4781887;19.44610419
35;550;Chau_Phu;10.619835;105.201297;SA;T;09/08/2022;1.91;5500;13.21983587;14.1619737;16.96072514
36;551;Chau_Phu;10.633572;105.172813;SA;D;09/08/2022;2.5;6400;16.00824181;17.14118878;18.58717025
37;552;Chau_Phu;10.621354;105.162316;SA;D;09/08/2022;2;6400;15.5313654;16.80830384;17.41759764
38;553;Chau_Phu;10.615175;105.153736;SA;D;09/08/2022;2.3;6500;15.5991028;16.96511816;16.9527819
39;554;Chau_Phu;10.605148;105.164514;SA;D;09/08/2022;3;5500;13.98188698;15.34147387;15.60103357
40;555;Chau_Phu;10.594603;105.175686;SA;D;09/08/2022;2.2;6600;12.29451535;13.6467204;14.24321888
41;556;Chau_Phu;10.585209;105.164803;SA;D;09/08/2022;2.3;5500;12.37310031;13.86222342;13.42443621
42;557;Chau_Phu;10.603991;105.147312;SA;D;09/08/2022;3.34;6000;15.19760181;16.66168129;15.95399545
43;532;Chau_Phu;10.612317;105.116551;SA;T;05/08/2022;1.65;5500;18.35834751;19.9034904;18.11385698
44;533;Chau_Phu;10.571793;105.16066;SA;T;05/08/2022;4;5500;11.79059924;13.38904504;12.09680882
45;534;Chau_Phu;10.565493;105.106594;SA;D;05/08/2022;3;6500;16.69715397;18.445982;14.38012642
46;535;Chau_Phu;10.593644;105.075243;SA;T;05/08/2022;2;6000;21.10228234;22.80691701;19.00209438
47;536;Chau_Phu;10.608536;105.076041;SA;T;05/08/2022;1.3;6000;21.80374755;23.46159829;20.20055143
48;537;Chau_Phu;10.588345;105.091229;SA;T;05/08/2022;1.45;6000;19.27289171;20.97085365;17.40868721
49;538;Chau_Phu;10.59278;105.103464;SA;T;05/08/2022;1.6;6000;18.32819123;19.98895633;16.99069663
50;539;Chau_Phu;10.58174;105.119446;SA;T;05/08/2022;2;5500;16.20048283;17.87117821;14.99877212
51;540;Chau_Phu;10.571202;105.135919;SA;T;05/08/2022;1.8;6000;14.05517025;15.73470635;13.07656797
52;541;Chau_Phu;10.592696;105.11414;SA;T;05/08/2022;5;6000;17.32092165;18.95828143;16.340949
53;542;Chau_Phu;10.590564;105.128439;SA;T;05/08/2022;5;6000;15.87900828;17.48728912;15.36551722
54;543;Chau_Phu;10.625462;105.098238;SA;T;05/08/2022;3.6;6500;20.83818791;22.38431766;20.36353326
55;544;Chau_Phu;10.619493;105.095029;SA;T;05/08/2022;2.3;6400;20.72082194;22.29903474;19.97869031
56;492;Chau_Phu;10.560601;105.1792;SA;T;28/07/2022;2;6400;9.416199336;11.0082023;10.44071655
57;493;Chau_Phu;10.565735;105.172074;SA;T;28/07/2022;2;5500;10.38301673;11.97177966;11.1366956
58;494;Chau_Phu;10.555822;105.1711;SA;T;28/07/2022;1.95;5500;9.862198623;11.52495348;10.08220341
59;495;Chau_Phu;10.542192;105.18792;SA;T;28/07/2022;1.4;6500;7.513405349;9.212902268;8.304931565
60;496;Chau_Phu;10.546857;105.181035;SA;T;28/07/2022;2.6;5500;8.423076883;10.11255972;8.897701197
61;497;Chau_Phu;10.546629;105.163964;SA;T;28/07/2022;2;6500;10.09191554;11.82880039;9.32139053
62;498;Chau_Phu;10.547628;105.146859;SA;T;28/07/2022;1.65;6500;11.87094725;13.63110199;10.19997408
63;499;Chau_Phu;10.534615;105.134916;SA;T;28/07/2022;2.56;6000;12.72273635;14.52729228;9.753317185
64;500;Chau_Phu;10.521024;105.146349;SA;T;28/07/2022;1.5;6000;11.24694872;13.0640541;7.790135427
65;501;Chau_Phu;10.546679;105.126512;SA;D;28/07/2022;1.74;6400;13.9494676;15.73235685;11.37381414
66;502;Chau_Phu;10.505349;105.165087;SA;T;28/07/2022;1.7;6000;9.153900338;10.95460191;5.150272977
67;503;Chau_Phu;10.51191;105.170596;SA;T;28/07/2022;1.7;6500;8.533926165;10.34790721;5.47053283
68;504;Chau_Phu;10.522164;105.178664;SA;T;28/07/2022;3.6;5500;7.758025923;9.570419448;6.245931466
69;545;Chau_Phu;10.548566;105.198194;SA;T;05/08/2022;2.7;6400;6.949417452;8.536279538;9.021398237
70;546;Chau_Phu;10.557257;105.1886;SA;T;05/08/2022;1.8;5500;8.372359718;9.938390468;9.976012583
71;547;Chau_Phu;10.576126;105.183375;SA;T;05/08/2022;1.5;5500;10.20698735;11.64378701;12.10845079
72;548;Chau_Phu;10.56984;105.190938;SA;T;05/08/2022;2.3;6500;9.128672441;10.56003217;11.36899604
73;549;Chau_Phu;10.585739;105.193578;SA;T;05/08/2022;2.3;5500;10.308669;11.57372971;13.13819323
74;123;Chau_Phu;10.510542;105.248554;WS;T;01/04/2022;3.4;6800;0;1.817380598;7.772781146
75;124;Chau_Phu;10.50915;105.265098;WS;T;01/04/2022;2.43;7200;1.817380598;9.50411E-05;9.19121379
76;125;Chau_Phu;10.501829;105.273585;WS;T;01/04/2022;3.5;8000;2.90632903;1.235747807;9.657227372
77;136;Chau_Phu;10.485464;105.251956;WS;T;02/04/2022;2;7040;2.816378835;3.003558895;6.805115379
78;126;Chau_Phu;10.494453;105.241281;WS;T;01/04/2022;4.3;7600;1.95995453;3.077732896;6.116298151
79;127;Chau_Phu;10.50203;105.222373;WS;T;01/04/2022;3.5;7760;3.018174925;4.743063594;5.03037107
80;128;Chau_Phu;10.48195;105.238448;WS;T;01/04/2022;2;6400;3.369568933;4.204399336;5.276914953
81;137;Chau_Phu;10.476738;105.227333;WS;T;03/04/2022;4;7200;4.422180556;5.48682471;3.946698702
82;147;Chau_Phu;10.474439;105.216928;WS;T;04/04/2022;7;6800;5.304270975;6.536855579;2.780412518
83;129;Chau_Phu;10.482003;105.203866;WS;T;01/04/2022;3;7200;5.832531597;7.352022522;2.021239076
84;130;Chau_Phu;10.468679;105.203699;WS;T;01/04/2022;1.3;8000;6.769243291;8.090977027;1.234465997
85;241;Chau_Phu;10.467721;105.192464;WS;D;12/04/2022;1.95;7200;7.772781146;9.19121379;0
86;242;Chau_Phu;10.557185;105.227883;WS;D;12/04/2022;2.95;7200;5.663688882;6.721700235;10.68692975
87;155;Chau_Phu;10.550361;105.218667;WS;D;06/04/2022;3.03;7040;5.508822079;6.846052425;9.636075934
88;156;Chau_Phu;10.540457;105.207852;WS;D;06/04/2022;1.2;6400;5.561797852;7.169393208;8.270208387
89;161;Chau_Phu;10.533759;105.243145;WS;T;10/04/2022;2.8;8000;2.651423948;3.643830588;9.209417939
90;162;Chau_Phu;10.539297;105.225673;WS;T;10/04/2022;2;8000;4.064162202;5.466330519;8.757696374
91;163;Chau_Phu;10.527277;105.237319;WS;T;10/04/2022;2.9;6880;2.232154081;3.649061449;8.249697089
92;164;Chau_Phu;10.522821;105.229739;WS;T;10/04/2022;5.4;6400;2.471641118;4.158484078;7.366695709
93;131;Chau_Phu;10.536277;105.293087;WS;T;01/04/2022;2;7760;5.653557836;4.30147716;13.39926432
94;132;Chau_Phu;10.542998;105.261159;WS;D;01/04/2022;4.9;7040;3.867388356;3.792502557;11.2584876
95;133;Chau_Phu;10.524082;105.268907;WS;D;01/04/2022;2.1;6400;2.689621665;1.713694862;10.45815602
96;134;Chau_Phu;10.549477;105.273725;WS;D;01/04/2022;1.55;7200;5.135592502;4.587372159;12.72532717
97;135;Chau_Phu;10.524439;105.254678;WS;D;01/04/2022;4;6800;1.685958365;2.048728636;9.286331683
98;158;Chau_Phu;10.445962;105.123164;WS;D;07/04/2022;3;7200;15.4942146;17.05460897;7.963576381
99;157;Chau_Phu;10.46658;105.139698;WS;D;06/04/2022;3;7600;12.88109086;14.52117009;5.777501125
100;148;Chau_Phu;10.498551;105.167513;WS;T;04/04/2022;1.4;7200;8.97006873;10.74598259;4.386064316
101;138;Chau_Phu;10.522871;105.184845;WS;T;03/04/2022;2.5;7040;7.106662872;8.915434009;6.19561689
102;139;Chau_Phu;10.527792;105.204924;WS;T;03/04/2022;3.2;7200;5.146848927;6.905148503;6.824692258
103;140;Chau_Phu;10.514912;105.216308;WS;D;03/04/2022;2;7040;3.562702053;5.378475514;5.865855354
104;141;Chau_Phu;10.505489;105.203926;WS;D;03/04/2022;1.4;7200;4.916902809;6.707802109;4.387498167
105;142;Chau_Phu;10.464233;105.183189;WS;T;03/04/2022;3.7;6400;8.818498593;10.26572931;1.087016724
106;143;Chau_Phu;10.461453;105.172294;WS;D;03/04/2022;2.25;6400;9.97698324;11.4622496;2.315581802
107;144;Chau_Phu;10.467778;105.163448;WS;D;03/04/2022;4.9;6960;10.46144982;12.04198368;3.176277665
108;145;Chau_Phu;10.458071;105.162504;WS;D;03/04/2022;2;6400;11.08314753;12.58745929;3.451104861
109;146;Chau_Phu;10.44784;105.141425;WS;D;03/04/2022;2;6400;13.64667267;15.1606445;6.00957796
110;165;Chau_Phu;10.513536;105.127422;WS;D;10/04/2022;2.4;6400;13.26215082;15.07665361;8.75763891
111;166;Chau_Phu;10.492507;105.122386;WS;T;10/04/2022;3.4;6400;13.95479647;15.72995714;8.1519994
112;167;Chau_Phu;10.475484;105.13594;WS;T;10/04/2022;2.1;7200;12.92946524;14.62561475;6.247446726
113;168;Chau_Phu;10.455882;105.126628;WS;D;10/04/2022;1.9;6800;14.66772205;16.27569522;7.326463792
114;169;Chau_Phu;10.545098;105.112895;WS;D;10/04/2022;3.6;6400;15.33741922;17.13180248;12.24907591
115;170;Chau_Phu;10.5263;105.091077;WS;T;10/04/2022;1.62;7200;17.32462099;19.1417821;12.87148189
116;171;Chau_Phu;10.479304;105.102943;WS;D;10/04/2022;2.9;6800;16.31302214;18.05725823;9.883808272
117;172;Chau_Phu;10.510203;105.111601;WS;T;10/04/2022;2.1;7920;14.98970754;16.80086622;10.03528307
118;173;Chau_Phu;10.499686;105.158111;WS;D;10/04/2022;2.1;6400;9.972747925;11.75736898;5.177006368
119;174;Chau_Phu;10.534074;105.126326;WS;T;10/04/2022;3;8000;13.63154067;15.43953634;10.34227151
120;175;Chau_Phu;10.636733;105.155635;WS;T;10/04/2022;3.2;8000;17.34124102;18.57929723;19.24108206
121;176;Chau_Phu;10.649258;105.142121;WS;D;10/04/2022;1.75;8000;19.34138094;20.59964903;20.94599505
122;177;Chau_Phu;10.676956;105.147011;WS;D;10/04/2022;3.2;7200;21.60162061;22.71344684;23.81695497
123;178;Chau_Phu;10.64394;105.165296;WS;T;10/04/2022;1.4;6400;17.42179057;18.55829352;19.84052399
124;179;Chau_Phu;10.653314;105.174185;WS;T;10/04/2022;3;7200;17.85551136;18.88150347;20.75661002
125;180;Chau_Phu;10.663484;105.168203;WS;D;10/04/2022;3;7200;19.16159033;20.18856649;21.95323867
126;181;Chau_Phu;10.64683;105.119494;WS;T;10/04/2022;2.4;7200;20.72729064;22.10789262;21.47787665
127;182;Chau_Phu;10.634849;105.13078;WS;T;10/04/2022;4;6400;18.90978184;20.29372043;19.79131912
128;183;Chau_Phu;10.626774;105.140369;WS;T;10/04/2022;4;7200;17.53762564;18.91419345;18.60084697
129;184;Chau_Phu;10.612095;105.141919;WS;T;10/04/2022;2.5;8000;16.24722449;17.69271876;16.99688381
130;185;Chau_Phu;10.628311;105.12253;WS;T;10/04/2022;2;8000;19.02778137;20.4781887;19.44610419
131;243;Chau_Phu;10.630244;105.19128;WS;D;12/04/2022;6;6800;14.72546425;15.71509295;18.09233671
132;244;Chau_Phu;10.599524;105.186221;WS;D;12/04/2022;1.3;6400;12.02698213;13.25596782;14.68805797
133;245;Chau_Phu;10.61225;105.175364;WS;D;12/04/2022;4;7200;13.86861788;15.10466758;16.19727742
134;246;Chau_Phu;10.605148;105.164514;WS;D;12/04/2022;3;7200;13.98188698;15.34147387;15.60103357
135;247;Chau_Phu;10.595261;105.15779;WS;D;12/04/2022;2.04;6800;13.69678443;15.1589657;14.69601553
136;248;Chau_Phu;10.603991;105.147312;WS;D;12/04/2022;3.34;7920;15.19760181;16.66168129;15.95399545
137;186;Chau_Phu;10.603094;105.127872;WS;T;10/04/2022;2.3;8000;16.75012153;18.2998315;16.64523586
138;187;Chau_Phu;10.580993;105.154027;WS;T;10/04/2022;2;7200;12.98160622;14.55044003;13.29254174
139;188;Chau_Phu;10.571793;105.16066;WS;T;10/04/2022;4;7200;11.79059924;13.38904504;12.09680882
140;189;Chau_Phu;10.559295;105.124493;WS;T;10/04/2022;1.8;7200;14.62201002;16.36935856;12.61986139
141;190;Chau_Phu;10.552114;105.091399;WS;D;10/04/2022;3.6;7760;17.81131863;19.60269969;14.51269364
142;191;Chau_Phu;10.56526;105.088832;WS;T;10/04/2022;1.65;8000;18.51105458;20.27683414;15.70174984
143;192;Chau_Phu;10.593644;105.075243;WS;T;10/04/2022;2;6800;21.10228234;22.80691701;19.00209438
144;193;Chau_Phu;10.571202;105.135919;WS;T;10/04/2022;1.8;7200;14.05517025;15.73470635;13.07656797
145;194;Chau_Phu;10.590564;105.128439;WS;T;10/04/2022;5;8000;15.87900828;17.48728912;15.36551722
146;195;Chau_Phu;10.619493;105.095029;WS;T;10/04/2022;2.3;6800;20.72082194;22.29903474;19.97869031
147;196;Chau_Phu;10.565735;105.172074;WS;T;10/04/2022;2;7200;10.38301673;11.97177966;11.1366956
148;197;Chau_Phu;10.562531;105.169469;WS;T;10/04/2022;1.25;7600;10.41182524;12.03514897;10.85007352
149;198;Chau_Phu;10.555822;105.1711;WS;T;10/04/2022;1.95;7200;9.862198623;11.52495348;10.08220341
150;199;Chau_Phu;10.546857;105.181035;WS;T;10/04/2022;2.6;6800;8.423076883;10.11255972;8.897701197
151;200;Chau_Phu;10.546629;105.163964;WS;T;10/04/2022;1.95;7200;10.09191554;11.82880039;9.32139053
152;201;Chau_Phu;10.554634;105.1522;WS;D;10/04/2022;2.3;7040;11.63160985;13.35311895;10.63144872
153;202;Chau_Phu;10.547628;105.146859;WS;T;10/04/2022;1.65;7200;11.87094725;13.63110199;10.19997408
154;203;Chau_Phu;10.534615;105.134916;WS;T;10/04/2022;2.56;6800;12.72273635;14.52729228;9.753317185
155;204;Chau_Phu;10.521024;105.146349;WS;T;10/04/2022;1.5;6400;11.24694872;13.0640541;7.790135427
156;205;Chau_Phu;10.546679;105.126512;WS;D;10/04/2022;1.74;6400;13.9494676;15.73235685;11.37381414
157;206;Chau_Phu;10.505349;105.165087;WS;T;10/04/2022;1.7;6880;9.153900338;10.95460191;5.150272977
158;207;Chau_Phu;10.522164;105.178664;WS;T;10/04/2022;3.6;7760;7.758025923;9.570419448;6.245931466
159;208;Chau_Phu;10.531488;105.186775;WS;T;10/04/2022;3;8000;7.152292204;8.925642576;7.125728122
160;209;Chau_Phu;10.536087;105.175145;WS;T;10/04/2022;5;7040;8.522748425;10.29159413;7.842958099
161;210;Chau_Phu;10.548566;105.198194;WS;T;10/04/2022;2.7;6800;6.949417452;8.536279538;9.021398237
162;211;Chau_Phu;10.567359;105.177342;WS;T;10/04/2022;1.8;7200;10.03702871;11.58561503;11.21439249
163;212;Chau_Phu;10.576126;105.183375;WS;T;10/04/2022;1.5;7200;10.20698735;11.64378701;12.10845079
164;213;Chau_Phu;10.564704;105.19729;WS;T;10/04/2022;2;7200;8.235808002;9.660020505;10.8089491
165;214;Chau_Phu;10.558195;105.203328;WS;T;10/04/2022;1.4;8000;7.255249607;8.68959414;10.14141072
166;215;Chau_Phu;10.585739;105.193578;WS;T;10/04/2022;2.3;7040;10.308669;11.57372971;13.13819323
167;216;Chau_Phu;10.581404;105.200348;WS;T;10/04/2022;1.8;7200;9.489824195;10.719478;12.68444326
168;217;Chau_Phu;10.570816;105.208925;WS;T;10/04/2022;2.15;7200;7.989295199;9.214968543;11.61696937
169;306;Chau_Thanh;10.446006;105.338972;SA;T;10/07/2022;2.2;5500;12.22984073;10.71443659;16.21938115
170;307;Chau_Thanh;10.442271;105.339057;SA;T;10/07/2022;2.53;6000;12.4860421;10.9985658;16.29579543
171;308;Chau_Thanh;10.439647;105.334052;SA;T;10/07/2022;2.42;6500;12.24223147;10.808928;15.81172182
172;309;Chau_Thanh;10.444036;105.331928;SA;T;10/07/2022;2.42;6000;11.75160567;10.29829367;15.49317019
173;310;Chau_Thanh;10.447125;105.31374;SA;T;10/07/2022;2.75;6400;10.0374645;8.7191099;13.47258239
174;311;Chau_Thanh;10.436532;105.313783;SA;T;10/07/2022;1.32;5500;10.9022608;9.682365824;13.72731487
175;312;Chau_Thanh;10.434624;105.327551;SA;T;10/07/2022;2.53;6600;12.09124064;10.74999788;15.24029402
176;359;Chau_Thanh;10.420981;105.295797;SA;T;15/07/2022;1.76;6000;11.23130998;10.37424076;12.45151843
177;360;Chau_Thanh;10.470305;105.287062;SA;T;15/07/2022;1.43;5500;6.150530195;4.947570195;10.35923595
178;361;Chau_Thanh;10.494104;105.291042;SA;D;15/07/2022;1.76;6500;4.99753485;3.296829692;11.1830424
179;362;Chau_Thanh;10.43531;105.292557;SA;T;15/07/2022;1.87;5500;9.661130436;8.752120185;11.53609008
180;363;Chau_Thanh;10.419561;105.277369;SA;T;15/07/2022;1.43;5500;10.60773007;10.06300148;10.73022101
181;364;Chau_Thanh;10.458369;105.270803;SA;T;15/07/2022;1.87;6400;6.297782927;5.687270343;8.638562235
182;365;Chau_Thanh;10.470013;105.264425;SA;T;15/07/2022;1.54;5500;4.834543767;4.3573084;7.881399907
183;366;Chau_Thanh;10.485812;105.267525;SA;T;15/07/2022;2.2;5500;3.448232497;2.61150559;8.459607352
184;367;Chau_Thanh;10.390554;105.336857;SA;T;15/07/2022;3.3;5500;16.487968;15.36239021;17.9913054
185;368;Chau_Thanh;10.384444;105.3447;SA;T;15/07/2022;2.09;5500;17.54492027;16.39063024;19.07157564
186;369;Chau_Thanh;10.391491;105.34899;SA;T;15/07/2022;2.2;6000;17.21977339;15.9966231;19.12239306
187;370;Chau_Thanh;10.399353;105.356462;SA;T;15/07/2022;2.2;5500;17.10971066;15.79313057;19.50066032
188;371;Chau_Thanh;10.409367;105.355252;SA;T;15/07/2022;2.42;5500;16.22569502;14.85868305;18.96842419
189;372;Chau_Thanh;10.405902;105.36283;SA;T;15/07/2022;2.53;6500;17.09324305;15.70227913;19.88021734
190;373;Chau_Thanh;10.391149;105.359279;SA;T;15/07/2022;2.035;5500;17.9880085;16.698747;20.1541274
191;336;Chau_Thanh;10.381544;105.174719;SA;T;14/07/2022;2.2;6400;16.47852735;17.31112451;9.787864783
192;337;Chau_Thanh;10.37346;105.184697;SA;T;14/07/2022;1.65;5500;16.78489026;17.48229836;10.52742552
193;338;Chau_Thanh;10.396044;105.180167;SA;T;14/07/2022;1.32;6000;14.78179326;15.65161264;8.091778195
194;339;Chau_Thanh;10.391295;105.178235;SA;T;14/07/2022;2.09;6700;15.34501393;16.20320225;8.649096817
195;340;Chau_Thanh;10.389374;105.169781;SA;T;14/07/2022;2.09;6000;16.00931121;16.93099688;9.068157066
196;341;Chau_Thanh;10.395094;105.169245;SA;T;14/07/2022;3.85;6000;15.50936457;16.47149791;8.474961459
197;342;Chau_Thanh;10.391781;105.161155;SA;T;14/07/2022;1.87;6400;16.31928569;17.32579102;9.122042639
198;343;Chau_Thanh;10.379507;105.154892;SA;T;14/07/2022;1.32;6500;17.82993328;18.81042706;10.64661959
199;344;Chau_Thanh;10.378511;105.144998;SA;T;14/07/2022;1.65;6000;18.56176233;19.60494833;11.20826667
200;345;Chau_Thanh;10.375619;105.124248;SA;T;14/07/2022;1.87;6000;20.2675271;21.4176797;12.68445518
201;346;Chau_Thanh;10.395734;105.143745;SA;T;14/07/2022;1.76;6000;17.17495214;18.32709868;9.626251322
202;474;Chau_Thanh;10.419552;105.116409;SA;D;26/07/2022;3.3;6000;17.6591724;19.08945237;9.903343743
203;475;Chau_Thanh;10.414613;105.125615;SA;T;26/07/2022;3.85;6000;17.17991565;18.54428432;9.407911614
204;476;Chau_Thanh;10.407982;105.123304;SA;D;26/07/2022;2.75;5500;17.84199086;19.17723477;10.07719119
205;477;Chau_Thanh;10.403175;105.123726;SA;D;26/07/2022;4.4;6000;18.15433168;19.45962742;10.40464262
206;478;Chau_Thanh;10.399444;105.118528;SA;T;26/07/2022;1.65;6000;18.8562427;20.16403588;11.10346296
207;479;Chau_Thanh;10.408214;105.131329;SA;T;26/07/2022;1.98;5500;17.15894055;18.45764857;9.41674252
208;480;Chau_Thanh;10.399645;105.141286;SA;T;26/07/2022;5.5;5500;17.03784438;18.22912903;9.424459892
209;481;Chau_Thanh;10.407581;105.1521;SA;T;26/07/2022;2.75;6400;15.58374523;16.75860172;8.021601065
210;482;Chau_Thanh;10.42324;105.126544;SA;D;26/07/2022;1.87;6000;16.51754816;17.93037092;8.751935697
211;483;Chau_Thanh;10.421066;105.136822;SA;D;26/07/2022;2.75;6000;15.77355644;17.12670257;8.004882764
212;484;Chau_Thanh;10.429339;105.125493;SA;D;26/07/2022;3.3;6000;16.2227303;17.67687464;8.485667995
213;485;Chau_Thanh;10.429212;105.141436;SA;D;26/07/2022;1.21;6000;14.81416441;16.19965035;7.041445872
214;486;Chau_Thanh;10.429142;105.151556;SA;T;26/07/2022;3.08;6500;13.95881709;15.29061268;6.204731842
215;487;Chau_Thanh;10.438048;105.153225;SA;T;26/07/2022;5.5;6400;13.19147502;14.58127545;5.418730749
216;488;Chau_Thanh;10.43062;105.165627;SA;T;26/07/2022;1.65;5500;12.71049473;13.96361989;5.068393223
217;489;Chau_Thanh;10.420174;105.16361;SA;T;26/07/2022;2.2;6600;13.69891051;14.88377452;6.163800663
218;490;Chau_Thanh;10.415236;105.156765;SA;T;26/07/2022;1.54;6000;14.6123125;15.80919441;7.029179814
219;491;Chau_Thanh;10.422463;105.151846;SA;T;26/07/2022;2.75;6000;14.42930553;15.71033456;6.719716115
220;396;Chau_Thanh;10.44819;105.181879;SA;T;20/07/2022;3.245;6000;10.07190392;11.35913488;2.463671644
221;397;Chau_Thanh;10.447684;105.190977;SA;T;20/07/2022;1.98;6500;9.417190937;10.61346829;2.236427711
222;398;Chau_Thanh;10.458467;105.196191;SA;T;20/07/2022;1.87;6500;8.152080058;9.419268578;1.107994135
223;399;Chau_Thanh;10.460493;105.209967;SA;T;20/07/2022;2.2;6000;6.991448943;8.108934348;2.078098561
224;400;Chau_Thanh;10.427104;105.210954;SA;T;20/07/2022;1.65;5500;10.15932169;10.88783956;4.953850205
225;401;Chau_Thanh;10.426155;105.176598;SA;T;20/07/2022;2.09;6000;12.25918467;13.38693863;4.942338289
226;402;Chau_Thanh;10.412311;105.176834;SA;T;20/07/2022;1.54;6500;13.46152894;14.4763778;6.401117552
227;403;Chau_Thanh;10.400449;105.171793;SA;T;20/07/2022;1.43;5500;14.85957498;15.83510684;7.82310766
228;404;Chau_Thanh;10.417324;105.208881;SA;T;20/07/2022;3.3;5500;11.24905774;11.93145667;5.890988132
229;405;Chau_Thanh;10.452718;105.220233;SA;T;20/07/2022;1.32;6000;7.144510058;7.973749221;3.468417699
230;406;Chau_Thanh;10.465667;105.225904;SA;T;20/07/2022;1.65;6400;5.576828492;6.468042487;3.667696336
231;407;Chau_Thanh;10.452795;105.21348;SA;T;20/07/2022;1.43;6500;7.487537666;8.442736945;2.83786536
232;408;Chau_Thanh;10.459704;105.218744;SA;T;20/07/2022;1.65;5500;6.532538041;7.486100553;3.012056809
233;505;Chau_Thanh;10.451085;105.243664;SA;T;28/07/2022;1.43;6600;6.640293414;6.876370163;5.902842161
234;506;Chau_Thanh;10.443488;105.236111;SA;T;28/07/2022;1.65;5500;7.587624766;7.968411219;5.48696917
235;507;Chau_Thanh;10.436907;105.236241;SA;T;28/07/2022;1.375;6000;8.307036447;8.640137534;5.893441447
236;508;Chau_Thanh;10.432459;105.260003;SA;T;28/07/2022;3.3;5500;8.78199492;8.555352011;8.371043021
237;509;Chau_Thanh;10.417011;105.261676;SA;T;28/07/2022;1.54;6400;10.51038292;10.26364537;9.448630625
238;510;Chau_Thanh;10.412925;105.251545;SA;T;28/07/2022;2.2;5500;10.87154332;10.81391336;8.890567478
239;511;Chau_Thanh;10.467229;105.24767;SA;T;28/07/2022;1.54;5500;4.822523984;5.041454463;6.043444687
240;512;Chau_Thanh;10.430085;105.221996;SA;D;28/07/2022;2.75;6000;9.416392048;9.986307035;5.291946197
241;513;Chau_Thanh;10.420483;105.223648;SA;T;28/07/2022;3.08;6000;10.38937386;10.86329277;6.269450274
242;514;Chau_Thanh;10.413742;105.22261;SA;T;28/07/2022;1.65;6000;11.14364298;11.59448669;6.85553224
243;515;Chau_Thanh;10.410742;105.220616;SA;T;28/07/2022;2.53;6000;11.5228944;11.98814895;7.051960516
244;516;Chau_Thanh;10.406597;105.221367;SA;T;28/07/2022;1.32;6000;11.94765026;12.37919124;7.504005934
245;517;Chau_Thanh;10.407515;105.229231;SA;T;28/07/2022;3.3;6000;11.6622824;11.97582125;7.817886253
246;518;Chau_Thanh;10.413908;105.234515;SA;T;28/07/2022;1.65;5500;10.86640977;11.11825139;7.554977903
247;374;Chau_Thanh;10.421158;105.237197;SA;T;17/07/2022;1.76;6000;10.02748947;10.26029754;7.130833276
248;375;Chau_Thanh;10.375656;105.29185;SA;T;17/07/2022;5.83;6000;15.7456908;15.1462399;14.94756677
249;376;Chau_Thanh;10.378696;105.309113;SA;T;17/07/2022;1.32;6000;16.10481415;15.30053344;16.1650389
250;377;Chau_Thanh;10.415137;105.316832;SA;T;17/07/2022;2.42;6400;12.98679241;11.89945869;14.82023764
251;378;Chau_Thanh;10.396712;105.324921;SA;T;17/07/2022;2.53;5500;15.1807223;14.12622305;16.51571305
252;379;Chau_Thanh;10.396951;105.281083;SA;T;17/07/2022;3.3;5500;13.13666887;12.61185278;12.49760425
253;380;Chau_Thanh;10.386495;105.284636;SA;T;17/07/2022;1.98;6500;14.36261198;13.82032738;13.54941047
254;381;Chau_Thanh;10.394517;105.260713;SA;T;19/07/2022;4.4;5500;12.98417586;12.76983892;11.05596372
255;382;Chau_Thanh;10.406199;105.248616;SA;T;19/07/2022;6.05;6500;11.61534427;11.60154666;9.202864954
256;383;Chau_Thanh;10.402927;105.235656;SA;T;19/07/2022;1.98;5500;12.06249837;12.25600136;8.624595246
257;384;Chau_Thanh;10.392248;105.227502;SA;T;19/07/2022;2.2;6500;13.36849574;13.6487212;9.235842593
258;385;Chau_Thanh;10.375756;105.208993;SA;T;19/07/2022;1.98;6000;15.61677521;16.06941494;10.39614862
259;386;Chau_Thanh;10.374004;105.228649;SA;T;19/07/2022;4.95;6000;15.35466596;15.56448228;11.1593422
260;387;Chau_Thanh;10.374524;105.255016;SA;T;19/07/2022;4;6400;15.15788376;15.02700007;12.43108784
261;388;Chau_Thanh;10.370371;105.275589;SA;T;19/07/2022;3;6400;15.88188694;15.49135151;14.1514234
262;389;Chau_Thanh;10.404721;105.258428;SA;T;19/07/2022;5;6400;11.82935872;11.64782409;10.06649586
263;519;Chau_Thanh;10.359519;105.360913;SA;T;04/08/2022;4;6400;20.83130469;19.68450271;22.02754101
264;520;Chau_Thanh;10.354744;105.336739;SA;T;04/08/2022;1.6;5500;19.84931232;18.89319673;20.19119803
265;521;Chau_Thanh;10.38045;105.349866;SA;T;04/08/2022;2.5;5500;18.24089846;17.06962701;19.7823797
266;522;Chau_Thanh;10.374447;105.330923;SA;T;04/08/2022;3.2;6500;17.63046451;16.63667654;18.37391524
267;523;Chau_Thanh;10.363786;105.288188;SA;T;04/08/2022;2.8;6000;16.90310761;16.37800462;15.6108841
268;524;Chau_Thanh;10.369692;105.29684;SA;T;04/08/2022;4;5500;16.54637719;15.90847483;15.80090576
269;6;Chau_Thanh;10.446006;105.338972;WS;T;20/03/2022;2.2;8000;12.22984073;10.71443659;16.21938115
270;7;Chau_Thanh;10.442271;105.339057;WS;T;20/03/2022;2.53;7000;12.4860421;10.9985658;16.29579543
271;8;Chau_Thanh;10.439647;105.334052;WS;T;20/03/2022;2.42;8000;12.24223147;10.808928;15.81172182
272;9;Chau_Thanh;10.444036;105.331928;WS;T;20/03/2022;2.42;7200;11.75160567;10.29829367;15.49317019
273;10;Chau_Thanh;10.443677;105.348236;WS;T;20/03/2022;1.76;7040;13.20846776;11.65934844;17.26120885
274;11;Chau_Thanh;10.454342;105.322838;WS;D;20/03/2022;1.375;7600;10.25940855;8.78466245;14.34935471
275;12;Chau_Thanh;10.447125;105.31374;WS;T;20/03/2022;2.75;7000;10.0374645;8.7191099;13.47258239
276;13;Chau_Thanh;10.436532;105.313783;WS;T;20/03/2022;1.32;7760;10.9022608;9.682365824;13.72731487
277;14;Chau_Thanh;10.430707;105.315671;WS;T;20/03/2022;1.54;7040;11.53079743;10.33916244;14.10313021
278;15;Chau_Thanh;10.434624;105.327551;WS;T;20/03/2022;2.53;7400;12.09124064;10.74999788;15.24029402
279;39;Chau_Thanh;10.470305;105.287062;WS;T;25/03/2022;1.43;7000;6.150530195;4.947570195;10.35923595
280;40;Chau_Thanh;10.434116;105.27315;WS;T;25/03/2022;2.2;7000;8.923516445;8.399074527;9.592376063
281;41;Chau_Thanh;10.494104;105.291042;WS;D;25/03/2022;1.76;7000;4.99753485;3.296829692;11.1830424
282;42;Chau_Thanh;10.43531;105.292557;WS;T;25/03/2022;1.87;7600;9.661130436;8.752120185;11.53609008
283;43;Chau_Thanh;10.419561;105.277369;WS;T;25/03/2022;1.43;7200;10.60773007;10.06300148;10.73022101
284;44;Chau_Thanh;10.443492;105.281103;WS;T;25/03/2022;3.3;8000;8.270704209;7.516012214;10.07122994
285;45;Chau_Thanh;10.458369;105.270803;WS;T;25/03/2022;1.87;7200;6.297782927;5.687270343;8.638562235
286;46;Chau_Thanh;10.470013;105.264425;WS;T;25/03/2022;1.54;7200;4.834543767;4.3573084;7.881399907
287;47;Chau_Thanh;10.485812;105.267525;WS;T;25/03/2022;2.2;7040;3.448232497;2.61150559;8.459607352
288;48;Chau_Thanh;10.400189;105.331053;WS;T;25/03/2022;1.32;7000;15.24691721;14.11570644;16.9327389
289;49;Chau_Thanh;10.384444;105.3447;WS;T;25/03/2022;2.09;8000;17.54492027;16.39063024;19.07157564
290;50;Chau_Thanh;10.391491;105.34899;WS;T;25/03/2022;2.2;7600;17.21977339;15.9966231;19.12239306
291;51;Chau_Thanh;10.399353;105.356462;WS;T;25/03/2022;2.2;7000;17.10971066;15.79313057;19.50066032
292;52;Chau_Thanh;10.417429;105.363577;WS;T;25/03/2022;3.3;6400;16.30884467;14.84803285;19.55129716
293;53;Chau_Thanh;10.411649;105.370659;WS;T;25/03/2022;1.43;7760;17.31640705;15.85356279;20.48234822
294;54;Chau_Thanh;10.405902;105.36283;WS;T;25/03/2022;2.53;8000;17.09324305;15.70227913;19.88021734
295;55;Chau_Thanh;10.391149;105.359279;WS;T;25/03/2022;2.035;7040;17.9880085;16.698747;20.1541274
296;56;Chau_Thanh;10.412537;105.321768;WS;T;25/03/2022;3.08;7000;13.53727857;12.41576572;15.43113255
297;57;Chau_Thanh;10.377238;105.165363;WS;T;25/03/2022;2.2;7200;17.41109368;18.29867369;10.50038327
298;58;Chau_Thanh;10.381544;105.174719;WS;T;25/03/2022;2.2;8000;16.47852735;17.31112451;9.787864783
299;59;Chau_Thanh;10.37346;105.184697;WS;T;25/03/2022;1.65;6800;16.78489026;17.48229836;10.52742552
300;28;Chau_Thanh;10.386546;105.19302;WS;T;24/03/2022;1.65;7200;15.08261592;15.76493962;9.036512296
301;29;Chau_Thanh;10.396044;105.180167;WS;T;24/03/2022;1.32;7200;14.78179326;15.65161264;8.091778195
302;30;Chau_Thanh;10.389374;105.169781;WS;T;24/03/2022;2.09;7040;16.00931121;16.93099688;9.068157066
303;31;Chau_Thanh;10.395094;105.169245;WS;T;24/03/2022;3.85;7200;15.50936457;16.47149791;8.474961459
304;32;Chau_Thanh;10.391781;105.161155;WS;T;24/03/2022;1.87;7040;16.31928569;17.32579102;9.122042639
305;33;Chau_Thanh;10.379507;105.154892;WS;T;24/03/2022;1.32;7200;17.82993328;18.81042706;10.64661959
306;34;Chau_Thanh;10.378511;105.144998;WS;T;24/03/2022;1.65;8000;18.56176233;19.60494833;11.20826667
307;35;Chau_Thanh;10.387123;105.119326;WS;T;24/03/2022;1.87;6800;19.72036244;20.95671273;12.0255164
308;36;Chau_Thanh;10.394341;105.126836;WS;T;24/03/2022;4.4;7000;18.5706807;19.80987151;10.87880444
309;37;Chau_Thanh;10.395734;105.143745;WS;T;24/03/2022;1.76;6960;17.17495214;18.32709868;9.626251322
310;38;Chau_Thanh;10.389594;105.147461;WS;T;24/03/2022;3.3;6400;17.42842076;18.5194198;9.995626408
311;77;Chau_Thanh;10.426536;105.115181;WS;T;27/03/2022;1.43;7200;17.33792691;18.8119942;9.622795034
312;78;Chau_Thanh;10.419552;105.116409;WS;D;27/03/2022;3.3;7200;17.6591724;19.08945237;9.903343743
313;79;Chau_Thanh;10.403175;105.123726;WS;D;27/03/2022;4.4;6400;18.15433168;19.45962742;10.40464262
314;80;Chau_Thanh;10.399444;105.118528;WS;T;27/03/2022;1.65;7000;18.8562427;20.16403588;11.10346296
315;81;Chau_Thanh;10.408214;105.131329;WS;T;27/03/2022;1.98;7000;17.15894055;18.45764857;9.41674252
316;82;Chau_Thanh;10.408003;105.139183;WS;T;27/03/2022;2.64;7200;16.54201196;17.7980944;8.844018731
317;83;Chau_Thanh;10.41636;105.142144;WS;T;27/03/2022;1.43;7000;15.67181215;16.96622175;7.939523106
318;84;Chau_Thanh;10.399645;105.141286;WS;T;27/03/2022;5.5;8000;17.03784438;18.22912903;9.424459892
319;85;Chau_Thanh;10.407581;105.1521;WS;T;27/03/2022;2.75;7000;15.58374523;16.75860172;8.021601065
320;86;Chau_Thanh;10.400025;105.152916;WS;T;27/03/2022;2.53;7000;16.15444215;17.27369043;8.691069339
321;87;Chau_Thanh;10.42324;105.126544;WS;D;27/03/2022;1.87;7200;16.51754816;17.93037092;8.751935697
322;88;Chau_Thanh;10.421066;105.136822;WS;D;27/03/2022;2.75;7000;15.77355644;17.12670257;8.004882764
323;89;Chau_Thanh;10.429339;105.125493;WS;D;27/03/2022;3.3;6800;16.2227303;17.67687464;8.485667995
324;90;Chau_Thanh;10.435839;105.132981;WS;D;27/03/2022;1.21;7920;15.13948755;16.60581959;7.416082976
325;91;Chau_Thanh;10.429142;105.151556;WS;T;27/03/2022;3.08;7000;13.95881709;15.29061268;6.204731842
326;92;Chau_Thanh;10.438048;105.153225;WS;T;27/03/2022;5.5;8000;13.19147502;14.58127545;5.418730749
327;93;Chau_Thanh;10.43062;105.165627;WS;T;27/03/2022;1.65;7600;12.71049473;13.96361989;5.068393223
328;94;Chau_Thanh;10.428426;105.156744;WS;T;27/03/2022;1.65;7200;13.58536519;14.88068489;5.867311915
329;95;Chau_Thanh;10.420174;105.16361;WS;T;27/03/2022;2.2;8000;13.69891051;14.88377452;6.163800663
330;96;Chau_Thanh;10.415236;105.156765;WS;T;27/03/2022;1.54;8000;14.6123125;15.80919441;7.029179814
331;97;Chau_Thanh;10.420702;105.15698;WS;T;27/03/2022;3.3;7200;14.15997197;15.39540135;6.518118949
332;98;Chau_Thanh;10.422463;105.151846;WS;T;27/03/2022;2.75;7200;14.42930553;15.71033456;6.719716115
333;60;Chau_Thanh;10.44819;105.181879;WS;T;26/03/2022;3.245;6400;10.07190392;11.35913488;2.463671644
334;61;Chau_Thanh;10.447684;105.190977;WS;T;26/03/2022;1.98;8000;9.417190937;10.61346829;2.236427711
335;62;Chau_Thanh;10.452516;105.191857;WS;T;26/03/2022;2.2;7200;8.957662756;10.19898783;1.69390683
336;63;Chau_Thanh;10.458467;105.196191;WS;T;26/03/2022;1.87;7200;8.152080058;9.419268578;1.107994135
337;64;Chau_Thanh;10.452537;105.205118;WS;T;26/03/2022;5.5;7200;8.018687629;9.100672701;2.185367152
338;65;Chau_Thanh;10.427104;105.210954;WS;T;26/03/2022;1.65;7200;10.15932169;10.88783956;4.953850205
339;66;Chau_Thanh;10.437524;105.185343;WS;D;26/03/2022;2.75;8000;10.67455001;11.82338188;3.450701821
340;67;Chau_Thanh;10.426155;105.176598;WS;T;26/03/2022;2.09;7200;12.25918467;13.38693863;4.942338289
341;68;Chau_Thanh;10.412311;105.176834;WS;T;26/03/2022;1.54;8000;13.46152894;14.4763778;6.401117552
342;69;Chau_Thanh;10.400449;105.171793;WS;T;26/03/2022;1.43;8000;14.85957498;15.83510684;7.82310766
343;70;Chau_Thanh;10.402793;105.189574;WS;T;26/03/2022;1.54;6800;13.62185307;14.44051619;7.234631619
344;71;Chau_Thanh;10.445632;105.21046;WS;D;26/03/2022;1.32;7500;8.342578435;9.260983475;3.15076056
345;72;Chau_Thanh;10.405702;105.208668;WS;T;26/03/2022;1.32;7500;12.460702;13.06796366;7.128153181
346;73;Chau_Thanh;10.417324;105.208881;WS;T;26/03/2022;3.3;7500;11.24905774;11.93145667;5.890988132
347;74;Chau_Thanh;10.414226;105.195214;WS;T;26/03/2022;1.87;6400;12.20864181;13.04537053;5.962606846
348;75;Chau_Thanh;10.452718;105.220233;WS;T;26/03/2022;1.32;7500;7.144510058;7.973749221;3.468417699
349;76;Chau_Thanh;10.437524;105.202166;WS;D;26/03/2022;2.31;7200;9.584003911;10.53705309;3.525293043
350;16;Chau_Thanh;10.459704;105.218744;WS;T;21/03/2022;1.65;7200;6.532538041;7.486100553;3.012056809
351;99;Chau_Thanh;10.451085;105.243664;WS;T;27/03/2022;1.43;7200;6.640293414;6.876370163;5.902842161
352;100;Chau_Thanh;10.433791;105.231265;WS;T;27/03/2022;1.98;6800;8.750929232;9.170024792;5.684053183
353;101;Chau_Thanh;10.417011;105.261676;WS;T;27/03/2022;1.54;7900;10.51038292;10.26364537;9.448630625
354;102;Chau_Thanh;10.455571;105.240074;WS;T;27/03/2022;2.09;7200;6.189308505;6.563265868;5.384427515
355;103;Chau_Thanh;10.467229;105.24767;WS;T;27/03/2022;1.54;7200;4.822523984;5.041454463;6.043444687
356;104;Chau_Thanh;10.454948;105.23029;WS;T;27/03/2022;1.65;7200;6.503559599;7.136009145;4.378078972
357;105;Chau_Thanh;10.430085;105.221996;WS;D;27/03/2022;2.75;7760;9.416392048;9.986307035;5.291946197
358;106;Chau_Thanh;10.420483;105.223648;WS;T;27/03/2022;3.08;8000;10.38937386;10.86329277;6.269450274
359;107;Chau_Thanh;10.413742;105.22261;WS;T;27/03/2022;1.65;6800;11.14364298;11.59448669;6.85553224
360;108;Chau_Thanh;10.410742;105.220616;WS;T;27/03/2022;2.53;7400;11.5228944;11.98814895;7.051960516
361;109;Chau_Thanh;10.406597;105.221367;WS;T;27/03/2022;1.32;7000;11.94765026;12.37919124;7.504005934
362;110;Chau_Thanh;10.413908;105.234515;WS;T;27/03/2022;1.65;7500;10.86640977;11.11825139;7.554977903
363;111;Chau_Thanh;10.375656;105.29185;WS;T;27/03/2022;5.83;6400;15.7456908;15.1462399;14.94756677
364;112;Chau_Thanh;10.40466;105.311554;WS;T;27/03/2022;1.87;6800;13.65607655;12.69485303;14.80740027
365;113;Chau_Thanh;10.396712;105.324921;WS;T;27/03/2022;2.53;7200;15.1807223;14.12622305;16.51571305
366;114;Chau_Thanh;10.409187;105.288345;WS;T;27/03/2022;2.64;7600;12.09435796;11.41504859;12.35469703
367;115;Chau_Thanh;10.396951;105.281083;WS;T;27/03/2022;3.3;7200;13.13666887;12.61185278;12.49760425
368;116;Chau_Thanh;10.386495;105.284636;WS;T;27/03/2022;1.98;7000;14.36261198;13.82032738;13.54941047
369;17;Chau_Thanh;10.394517;105.260713;WS;T;22/03/2022;4.4;6800;12.98417586;12.76983892;11.05596372
370;18;Chau_Thanh;10.406199;105.248616;WS;T;22/03/2022;6.05;7200;11.61534427;11.60154666;9.202864954
371;19;Chau_Thanh;10.402927;105.235656;WS;T;22/03/2022;1.98;7040;12.06249837;12.25600136;8.624595246
372;20;Chau_Thanh;10.399256;105.204494;WS;T;22/03/2022;1.76;7000;13.29406809;13.91646317;7.734401799
373;21;Chau_Thanh;10.387459;105.205582;WS;T;22/03/2022;6.6;7200;14.48654698;15.031903;9.049361809
374;22;Chau_Thanh;10.375756;105.208993;WS;T;22/03/2022;1.98;6800;15.61677521;16.06941494;10.39614862
375;23;Chau_Thanh;10.370371;105.275589;WS;T;22/03/2022;3;6880;15.88188694;15.49135151;14.1514234
376;24;Chau_Thanh;10.387619;105.243467;WS;T;22/03/2022;1.3;7000;13.69497367;13.73437089;10.52090898
377;25;Chau_Thanh;10.404721;105.258428;WS;T;22/03/2022;5;7000;11.82935872;11.64782409;10.06649586
378;26;Chau_Thanh;10.395256;105.268561;WS;T;22/03/2022;1.5;8000;13.01905482;12.68421504;11.59646023
379;27;Chau_Thanh;10.380497;105.274972;WS;T;22/03/2022;3.5;7040;14.76252097;14.36223905;13.26177856
380;218;Chau_Thanh;10.359519;105.360913;WS;T;10/04/2022;4;8000;20.83130469;19.68450271;22.02754101
381;219;Chau_Thanh;10.364433;105.327337;WS;T;10/04/2022;2;7200;18.41002766;17.49144043;18.71499021
382;220;Chau_Thanh;10.38045;105.349866;WS;T;10/04/2022;2.5;7200;18.24089846;17.06962701;19.7823797
383;221;Chau_Thanh;10.374447;105.330923;WS;T;10/04/2022;3.2;7600;17.63046451;16.63667654;18.37391524
384;222;Chau_Thanh;10.356519;105.30945;WS;T;10/04/2022;5;7200;18.39618925;17.67090433;17.81261427
385;223;Chau_Thanh;10.363786;105.288188;WS;T;10/04/2022;2.8;8000;16.90310761;16.37800462;15.6108841
386;224;Chau_Thanh;10.369819;105.304833;WS;T;10/04/2022;2.2;7200;16.83319194;16.10863275;16.43552121
387;301;Thoai_Son;10.262288;105.409359;SA;T;05/07/2022;2.3;6000;32.76781008;31.6967018;32.97054446
388;302;Thoai_Son;10.270666;105.424059;SA;T;05/07/2022;1.7;6000;32.89853183;31.74467752;33.53067609
389;303;Thoai_Son;10.282741;105.414218;SA;D;05/07/2022;2.9;5600;31.17803155;30.03004151;31.83747422
390;304;Thoai_Son;10.292251;105.405536;SA;D;05/07/2022;1.26;5600;29.7642127;28.62543837;30.42805259
391;305;Thoai_Son;10.303175;105.416814;SA;D;05/07/2022;2;6240;29.53385135;28.31362743;30.64254168
392;313;Thoai_Son;10.34297;105.382435;SA;D;12/07/2022;1.87;6400;23.72356113;22.5218873;25.00949324
393;314;Thoai_Son;10.334417;105.375498;SA;D;12/07/2022;3;6000;24.03234362;22.90057456;24.93627751
394;315;Thoai_Son;10.31856;105.374468;SA;D;12/07/2022;1.4;5600;25.4317469;24.36217556;25.93905443
395;316;Thoai_Son;10.320676;105.364971;SA;D;12/07/2022;2.1;6400;24.68143388;23.65914084;24.99404291
396;317;Thoai_Son;10.3037;105.354593;SA;T;12/07/2022;4;6400;25.78682592;24.88112592;25.4660996
397;318;Thoai_Son;10.314233;105.359823;SA;D;12/07/2022;1.52;6800;25.01916618;24.0490972;25.05450988
398;319;Thoai_Son;10.303437;105.381252;SA;T;12/07/2022;2.1;6000;27.25076173;26.19410496;27.59985987
399;320;Thoai_Son;10.275826;105.364451;SA;T;12/07/2022;2.1;6800;29.04687065;28.15946208;28.47771143
400;321;Thoai_Son;10.257715;105.375007;SA;T;12/07/2022;1.65;6000;31.36591278;30.46703733;30.75831455
401;409;Thoai_Son;10.342299;105.365285;SA;T;20/07/2022;4;6000;22.67342508;21.57059073;23.51531265
402;410;Thoai_Son;10.327284;105.359541;SA;T;20/07/2022;5;6000;23.74479243;22.73278164;24.06342427
403;411;Thoai_Son;10.342217;105.346028;SA;T;20/07/2022;3;5600;21.56349972;20.58700752;21.86046822
404;412;Thoai_Son;10.327543;105.350908;SA;T;20/07/2022;2;6160;23.25000992;22.29259955;23.33362041
405;413;Thoai_Son;10.327617;105.33024;SA;T;20/07/2022;2.95;5600;22.24035789;21.42965539;21.69805163
406;414;Thoai_Son;10.339092;105.325101;SA;T;20/07/2022;1.5;5600;20.84449352;20.03807745;20.39424494
407;415;Thoai_Son;10.282445;105.330149;SA;T;20/07/2022;2.04;5440;26.91733963;26.22238145;25.54749354
408;416;Thoai_Son;10.258961;105.323388;SA;T;20/07/2022;3;6000;29.17980027;28.57272383;27.30538489
409;417;Thoai_Son;10.249044;105.347198;SA;T;20/07/2022;3.5;6000;31.04896893;30.31814286;29.65934992
410;418;Thoai_Son;10.268095;105.344826;SA;T;20/07/2022;1.5;6000;28.97444081;28.21825427;27.78800673
411;419;Thoai_Son;10.268524;105.337611;SA;T;20/07/2022;2;6000;28.65155696;27.93815055;27.28213354
412;420;Thoai_Son;10.248814;105.361138;SA;T;20/07/2022;5;5600;31.63595159;30.82931647;30.57751902
413;421;Thoai_Son;10.306769;105.34023;SA;T;20/07/2022;2.1;6000;24.8052724;23.9836325;24.14118307
414;422;Thoai_Son;10.316024;105.309873;SA;T;20/07/2022;1.39;5600;22.67038559;22.05039568;21.2232024
415;423;Thoai_Son;10.298963;105.275991;SA;T;20/07/2022;2.1;6000;23.74353154;23.42815124;20.89398203
416;424;Thoai_Son;10.282365;105.276189;SA;T;20/07/2022;1.91;5600;25.57998693;25.2746346;22.57862524
417;425;Thoai_Son;10.272277;105.291556;SA;T;20/07/2022;1.5;6000;26.93806084;26.52708963;24.31225348
418;426;Thoai_Son;10.277579;105.307934;SA;T;20/07/2022;2.3;6000;26.73575709;26.20142214;24.65531497
419;427;Thoai_Son;10.345924;105.270456;SA;T;20/07/2022;1.5;5200;18.48129778;18.17959608;16.02325715
420;428;Thoai_Son;10.303589;105.234936;SA;T;20/07/2022;2;6000;23.08596726;23.1198785;18.85353495
421;429;Thoai_Son;10.319903;105.230831;SA;T;20/07/2022;1.62;6000;21.31023829;21.39821642;16.98270112
422;430;Thoai_Son;10.325047;105.251136;SA;T;20/07/2022;2;5600;20.65102414;20.55106247;17.13231783
423;431;Thoai_Son;10.320371;105.259016;SA;T;20/07/2022;1.52;5600;21.20058141;21.02520757;17.94859509
424;432;Thoai_Son;10.3154;105.280846;SA;T;20/07/2022;2.3;6000;22.00881046;21.63683333;19.52334456
425;433;Thoai_Son;10.33114;105.278682;SA;T;20/07/2022;2.1;5600;20.24138963;19.8715984;17.89628228
426;434;Thoai_Son;10.337977;105.288583;SA;T;20/07/2022;2.1;5600;19.70329177;19.22747061;17.87044802
427;457;Thoai_Son;10.299014;105.215448;SA;T;23/07/2022;3;5600;23.82440522;24.01544183;18.9481403
428;458;Thoai_Son;10.309139;105.215737;SA;T;23/07/2022;3.6;6000;22.70603267;22.91150856;17.83613871
429;459;Thoai_Son;10.318227;105.218967;SA;T;23/07/2022;3.5;6000;21.65197167;21.84520824;16.89261395
430;460;Thoai_Son;10.327832;105.216844;SA;T;23/07/2022;6;5600;20.63323566;20.86404992;15.79941722
431;461;Thoai_Son;10.346876;105.206507;SA;T;23/07/2022;4;5600;18.79165678;19.16925014;13.53990684
432;462;Thoai_Son;10.337185;105.197822;SA;T;23/07/2022;3;5600;20.0812938;20.51104501;14.54295381
433;463;Thoai_Son;10.321392;105.177554;SA;T;23/07/2022;6;6000;22.44502269;22.99388739;16.3707779
434;464;Thoai_Son;10.319027;105.191902;SA;T;23/07/2022;4;5200;22.2031737;22.63069839;16.55255878
435;465;Thoai_Son;10.303766;105.203102;SA;T;23/07/2022;2.2;5600;23.549865;23.8494448;18.28841289
436;466;Thoai_Son;10.287565;105.192862;SA;T;23/07/2022;2.2;5600;25.55956399;25.90357648;20.05480526
437;467;Thoai_Son;10.290816;105.182958;SA;T;23/07/2022;2;5600;25.49228523;25.91526683;19.72034943
438;450;Thoai_Son;10.283233;105.260351;SA;T;22/07/2022;5;5600;25.33672141;25.15418996;21.84091057
439;451;Thoai_Son;10.275776;105.258985;SA;T;22/07/2022;1.5;5600;26.15882477;25.98754518;22.57454412
440;452;Thoai_Son;10.284315;105.252391;SA;T;22/07/2022;3.3;5600;25.18683245;25.0670134;21.44513788
441;453;Thoai_Son;10.281994;105.246519;SA;T;22/07/2022;3.2;5600;25.44267515;25.36843606;21.50549174
442;454;Thoai_Son;10.280407;105.223352;SA;T;22/07/2022;1.88;5600;25.76654454;25.87040193;21.12410093
443;455;Thoai_Son;10.244181;105.230614;SA;T;22/07/2022;2.3;6400;29.71599864;29.73674881;25.23245402
444;456;Thoai_Son;10.250745;105.24539;SA;T;22/07/2022;3;5200;28.92237712;28.84617761;24.8391153
445;435;Thoai_Son;10.214156;105.214175;SA;T;20/07/2022;5;6000;33.20742734;33.30847321;28.3265206
446;436;Thoai_Son;10.208515;105.202809;SA;T;20/07/2022;2.67;6400;33.99241575;34.15436803;28.87674421
447;437;Thoai_Son;10.212886;105.174836;SA;T;20/07/2022;2.4;5600;34.10385452;34.42903774;28.43354652
448;438;Thoai_Son;10.246984;105.216849;SA;T;20/07/2022;4;5600;29.54365243;29.65836299;24.71685256
449;439;Thoai_Son;10.205563;105.193771;SA;T;20/07/2022;2.1;5600;34.47585059;34.68580692;29.18347688
450;440;Thoai_Son;10.195117;105.200047;SA;T;20/07/2022;3.2;5600;35.51225833;35.67620546;30.35732332
451;441;Thoai_Son;10.265977;105.125368;SA;T;20/07/2022;2;5600;30.38278687;31.09420635;23.62917334
452;442;Thoai_Son;10.227394;105.164987;SA;T;20/07/2022;3;5600;32.82112817;33.22527347;26.9216045
453;443;Thoai_Son;10.232673;105.15164;SA;T;20/07/2022;4;5600;32.7018063;33.19001849;26.54443614
454;468;Thoai_Son;10.262681;105.14739;SA;T;25/07/2022;5;6520;29.73204449;30.31304881;23.3523739
455;469;Thoai_Son;10.284027;105.15814;SA;T;25/07/2022;3.2;5600;27.08904083;27.661738;20.79113175
456;444;Thoai_Son;10.254048;105.172039;SA;T;20/07/2022;3.6;5600;29.75641769;30.17044158;23.890756
457;445;Thoai_Son;10.245058;105.178415;SA;T;20/07/2022;1.7;5600;30.5349822;30.89267838;24.83428563
458;470;Thoai_Son;10.297494;105.145318;SA;T;25/07/2022;9;5600;26.27208242;26.96528982;19.64005855
459;471;Thoai_Son;10.320247;105.141848;SA;T;25/07/2022;2.5;5600;24.1913591;24.98568508;17.32686553
460;472;Thoai_Son;10.30701;105.130668;SA;T;25/07/2022;4.9;5600;26.07541359;26.88809469;19.12697014
461;473;Thoai_Son;10.325825;105.129268;SA;T;25/07/2022;5;5600;24.35930398;25.25112875;17.24477398
462;322;Thoai_Son;10.331447;105.158675;SA;T;12/07/2022;4;6400;22.23284207;22.95806406;15.61446605
463;323;Thoai_Son;10.35091;105.142796;SA;T;12/07/2022;1.97;5600;21.2092375;22.12626844;14.09456031
464;324;Thoai_Son;10.35853;105.127583;SA;T;12/07/2022;4.2;5600;21.48817184;22.53389858;14.0785105
465;325;Thoai_Son;10.368598;105.136423;SA;T;12/07/2022;1.72;5600;20.00912012;21.05326356;12.62537552
466;326;Thoai_Son;10.364419;105.164984;SA;T;12/07/2022;7.8;5600;18.66265004;19.48587523;11.88652285
467;446;Thoai_Son;10.358727;105.222371;SA;T;21/07/2022;2;5600;17.14124284;17.38599336;12.56715327
468;447;Thoai_Son;10.358094;105.189541;SA;T;21/07/2022;2;5600;18.15852199;18.73980763;12.20774653
469;448;Thoai_Son;10.368014;105.238516;SA;T;21/07/2022;6.2;5600;15.9040639;15.97833706;12.19077398
470;449;Thoai_Son;10.365734;105.267634;SA;T;21/07/2022;2.5;5600;16.25463037;15.9673174;14.02226655
471;1;Thoai_Son;10.282741;105.414218;WS;D;18/03/2022;2.9;6800;31.17803155;30.03004151;31.83747422
472;2;Thoai_Son;10.292251;105.405536;WS;D;18/03/2022;1.26;7200;29.7642127;28.62543837;30.42805259
473;3;Thoai_Son;10.303175;105.416814;WS;D;18/03/2022;2;8000;29.53385135;28.31362743;30.64254168
474;4;Thoai_Son;10.320924;105.404264;WS;D;18/03/2022;3.6;8000;27.13260808;25.9072357;28.36956227
475;5;Thoai_Son;10.335158;105.395026;WS;D;18/03/2022;2.2;7600;25.26506406;24.03096559;26.63914401
476;117;Thoai_Son;10.34297;105.382435;WS;D;28/03/2022;1.87;7200;23.72356113;22.5218873;25.00949324
477;118;Thoai_Son;10.3037;105.354593;WS;T;28/03/2022;4;7600;25.78682592;24.88112592;25.4660996
478;119;Thoai_Son;10.292156;105.361294;WS;T;28/03/2022;2.3;7600;27.26480942;26.3518927;26.90171489
479;120;Thoai_Son;10.314233;105.359823;WS;D;28/03/2022;1.52;8000;25.01916618;24.0490972;25.05450988
480;121;Thoai_Son;10.275826;105.364451;WS;T;28/03/2022;2.1;6960;29.04687065;28.15946208;28.47771143
481;122;Thoai_Son;10.257715;105.375007;WS;T;28/03/2022;1.65;7200;31.36591278;30.46703733;30.75831455
482;249;Thoai_Son;10.342299;105.365285;WS;T;12/04/2022;4;6640;22.67342508;21.57059073;23.51531265
483;250;Thoai_Son;10.33791;105.357013;WS;T;12/04/2022;2;7200;22.58978658;21.55535201;23.09549271
484;251;Thoai_Son;10.342217;105.346028;WS;T;12/04/2022;3;7600;21.56349972;20.58700752;21.86046822
485;252;Thoai_Son;10.327543;105.350908;WS;T;12/04/2022;2;7600;23.25000992;22.29259955;23.33362041
486;253;Thoai_Son;10.339092;105.325101;WS;T;12/04/2022;1.5;6640;20.84449352;20.03807745;20.39424494
487;254;Thoai_Son;10.342809;105.315657;WS;T;12/04/2022;3;6640;20.06510662;19.32651197;19.37218559
488;225;Thoai_Son;10.290802;105.32462;WS;T;10/04/2022;1.9;7200;25.84015222;25.16477215;24.43914605
489;226;Thoai_Son;10.28697;105.341571;WS;T;10/04/2022;1.78;6640;26.89098062;26.11169996;25.91181675
490;227;Thoai_Son;10.282445;105.330149;WS;T;10/04/2022;2.04;6640;26.91733963;26.22238145;25.54749354
491;228;Thoai_Son;10.258961;105.323388;WS;T;10/04/2022;3;7760;29.17980027;28.57272383;27.30538489
492;229;Thoai_Son;10.27049;105.316832;WS;T;10/04/2022;2.5;7600;27.74837359;27.1645242;25.83613497
493;230;Thoai_Son;10.252308;105.334358;WS;T;10/04/2022;2;7600;30.24269806;29.58003889;28.57351496
494;231;Thoai_Son;10.249044;105.347198;WS;T;10/04/2022;3.5;7200;31.04896893;30.31814286;29.65934992
495;232;Thoai_Son;10.248814;105.361138;WS;T;10/04/2022;5;8000;31.63595159;30.82931647;30.57751902
496;233;Thoai_Son;10.328521;105.30163;WS;T;10/04/2022;1.6;6800;21.07914631;20.50134583;19.56985294
497;234;Thoai_Son;10.316024;105.309873;WS;T;10/04/2022;1.39;7440;22.67038559;22.05039568;21.2232024
498;235;Thoai_Son;10.306886;105.290958;WS;T;10/04/2022;1.85;8000;23.14124995;22.69311564;20.90115926
499;236;Thoai_Son;10.298963;105.275991;WS;T;10/04/2022;2.1;7600;23.74353154;23.42815124;20.89398203
500;237;Thoai_Son;10.272277;105.291556;WS;T;10/04/2022;1.5;6400;26.93806084;26.52708963;24.31225348
501;238;Thoai_Son;10.277579;105.307934;WS;T;10/04/2022;2.3;8000;26.73575709;26.20142214;24.65531497
502;239;Thoai_Son;10.291025;105.299533;WS;T;10/04/2022;1.5;7600;25.06574782;24.5723944;22.89845962
503;240;Thoai_Son;10.309795;105.31553;WS;T;10/04/2022;2;8000;23.51929746;22.86857826;22.15031487
504;255;Thoai_Son;10.345924;105.270456;WS;T;12/04/2022;1.5;7200;18.48129778;18.17959608;16.02325715
505;264;Thoai_Son;10.29466;105.248528;WS;T;13/04/2022;2.2;7840;24.03173515;23.94560588;20.21938166
506;265;Thoai_Son;10.307585;105.254064;WS;T;13/04/2022;1.7;7200;22.6009917;22.47048157;19.0595068
507;266;Thoai_Son;10.303589;105.234936;WS;T;13/04/2022;2;6400;23.08596726;23.1198785;18.85353495
508;267;Thoai_Son;10.319903;105.230831;WS;T;13/04/2022;1.62;6400;21.31023829;21.39821642;16.98270112
509;268;Thoai_Son;10.331036;105.232626;WS;T;13/04/2022;2.6;8000;20.05834777;20.14364708;15.8382966
510;269;Thoai_Son;10.332664;105.264027;WS;T;13/04/2022;4;6400;19.87350456;19.64656766;16.95366651
511;270;Thoai_Son;10.33114;105.278682;WS;T;13/04/2022;2.1;8000;20.24138963;19.8715984;17.89628228
512;272;Thoai_Son;10.28859;105.207594;WS;T;16/04/2022;1.75;8000;25.11115848;25.34690904;20.00935827
513;273;Thoai_Son;10.309139;105.215737;WS;T;16/04/2022;3.6;7200;22.70603267;22.91150856;17.83613871
514;274;Thoai_Son;10.318227;105.218967;WS;T;16/04/2022;3.5;8000;21.65197167;21.84520824;16.89261395
515;275;Thoai_Son;10.327832;105.216844;WS;T;16/04/2022;6;8000;20.63323566;20.86404992;15.79941722
516;256;Thoai_Son;10.346876;105.206507;WS;T;12/04/2022;4;8000;18.79165678;19.16925014;13.53990684
517;257;Thoai_Son;10.340626;105.172116;WS;T;12/04/2022;3;7200;20.683414;21.34389346;14.3224043
518;276;Thoai_Son;10.321392;105.177554;WS;T;16/04/2022;6;7200;22.44502269;22.99388739;16.3707779
519;277;Thoai_Son;10.265814;105.21507;WS;T;20/04/2022;5;7200;27.48843395;27.63619882;22.61195661
520;278;Thoai_Son;10.257436;105.217205;WS;T;20/04/2022;2.3;7200;28.38379041;28.50700762;23.5649381
521;279;Thoai_Son;10.283233;105.260351;WS;T;20/04/2022;5;7200;25.33672141;25.15418996;21.84091057
522;280;Thoai_Son;10.275776;105.258985;WS;T;20/04/2022;1.5;6400;26.15882477;25.98754518;22.57454412
523;281;Thoai_Son;10.281994;105.246519;WS;T;20/04/2022;3.2;6400;25.44267515;25.36843606;21.50549174
524;282;Thoai_Son;10.280379;105.241273;WS;T;20/04/2022;2.54;6400;25.63387891;25.59978197;21.52864189
525;283;Thoai_Son;10.244181;105.230614;WS;T;20/04/2022;2.3;6400;29.71599864;29.73674881;25.23245402
526;284;Thoai_Son;10.23625;105.234527;WS;T;20/04/2022;2.3;8000;30.5724757;30.56279054;26.17555276
527;149;Thoai_Son;10.227343;105.230821;WS;T;05/04/2022;1.8;7200;31.5851301;31.5941709;27.0862732
528;150;Thoai_Son;10.208515;105.202809;WS;T;05/04/2022;2.67;7200;33.99241575;34.15436803;28.87674421
529;151;Thoai_Son;10.228207;105.177659;WS;T;05/04/2022;4;6400;32.37375357;32.70707301;26.71166888
530;152;Thoai_Son;10.22418;105.198785;WS;T;05/04/2022;2.5;6640;32.33997851;32.54299648;27.11953838
531;153;Thoai_Son;10.236082;105.210347;WS;T;05/04/2022;2;8000;30.83767802;30.9831807;25.86004136
532;154;Thoai_Son;10.195117;105.200047;WS;T;05/04/2022;3.2;7200;35.51225833;35.67620546;30.35732332
533;286;Thoai_Son;10.265977;105.125368;WS;T;22/04/2022;2;8000;30.38278687;31.09420635;23.62917334
534;287;Thoai_Son;10.227394;105.164987;WS;T;22/04/2022;3;8000;32.82112817;33.22527347;26.9216045
535;288;Thoai_Son;10.262836;105.117192;WS;T;22/04/2022;6;6400;31.10028367;31.84492479;24.25124247
536;289;Thoai_Son;10.262681;105.14739;WS;T;22/04/2022;5;6400;29.73204449;30.31304881;23.3523739
537;290;Thoai_Son;10.24991;105.206339;WS;T;22/04/2022;4;8000;29.37916853;29.56682138;24.29402717
538;291;Thoai_Son;10.270486;105.19207;WS;T;22/04/2022;3.2;8000;27.42909462;27.74500943;21.95601486
539;292;Thoai_Son;10.279364;105.19089;WS;T;22/04/2022;3;7200;26.49766112;26.83896422;20.96839211
540;293;Thoai_Son;10.284027;105.15814;WS;T;22/04/2022;3.2;8000;27.08904083;27.661738;20.79113175
541;294;Thoai_Son;10.254048;105.172039;WS;T;22/04/2022;3.6;7200;29.75641769;30.17044158;23.890756
542;295;Thoai_Son;10.255579;105.190922;WS;T;22/04/2022;1.65;8000;29.07525602;29.37249047;23.61600616
543;296;Thoai_Son;10.245058;105.178415;WS;T;22/04/2022;1.7;7200;30.5349822;30.89267838;24.83428563
544;297;Thoai_Son;10.286013;105.107472;WS;T;22/04/2022;2.3;7600;29.38247554;30.24653194;22.26573586
545;298;Thoai_Son;10.281814;105.114918;WS;T;22/04/2022;5;6640;29.36656031;30.17979277;22.36920813
546;299;Thoai_Son;10.283009;105.129752;WS;T;22/04/2022;6;7600;28.47359181;29.2117623;21.67825705
547;300;Thoai_Son;10.284175;105.143442;WS;T;22/04/2022;1.26;8000;27.70266848;28.36598211;21.12547041
548;159;Thoai_Son;10.297494;105.145318;WS;T;09/04/2022;9;6640;26.27208242;26.96528982;19.64005855
549;160;Thoai_Son;10.30701;105.130668;WS;T;09/04/2022;4.9;7200;26.07541359;26.88809469;19.12697014
550;258;Thoai_Son;10.331447;105.158675;WS;T;12/04/2022;4;7840;22.23284207;22.95806406;15.61446605
551;259;Thoai_Son;10.35853;105.127583;WS;T;12/04/2022;4.2;6400;21.48817184;22.53389858;14.0785105
552;260;Thoai_Son;10.368598;105.136423;WS;T;12/04/2022;1.72;6400;20.00912012;21.05326356;12.62537552
553;261;Thoai_Son;10.364419;105.164984;WS;T;12/04/2022;7.8;6640;18.66265004;19.48587523;11.88652285
554;262;Thoai_Son;10.358094;105.189541;WS;T;12/04/2022;2;7200;18.15852199;18.73980763;12.20774653
555;263;Thoai_Son;10.368014;105.238516;WS;T;12/04/2022;6.2;7200;15.9040639;15.97833706;12.19077398
556;285;Thoai_Son;10.275419;105.234563;WS;T;20/04/2022;3;6400;26.21841288;26.23259379;21.89756289
557;271;Thoai_Son;10.304295;105.27046;WS;T;13/04/2022;2.3;7200;23.08411399;22.81177763;20.09720367
